Tag,Count
funny,11
tutorial,7
diy,6
comedy,4
family friendly,4
movie,4
reaction,4
playthrough,4
overwatch,3
interesting,3
how to,3
vlog,3
pranks,3
insane,3
review,3
news,3
pc,3
look,3
tasty,3
kid friendly,3
cosmetics,3
lifestyle,3
step by step,2
school,2
video,2
pinterest,2
disney,2
blizzard,2
live show,2
omg,2
live,2
how to make,2
amazing,2
from scratch,2
how to cook,2
funniest,2
ultimate,2
how,2
2017,2
food,2
records,2
girl,2
multiplayer,2
disneyland,2
gameplay,2
walkthrough,2
story,2
girls,2
hairstyle,2
animation,2
"domonic wilson
",2
domo and crissy,2
recipe,2
domo wilson,2
rosanna pansino,2
do it yourself,2
cosplay,2
outfit,2
kitchen,2
simple,2
rhinestones,2
kingsman the golden circle,2
domonic,2
crissy and domo,2
facts,2
xbox,2
play,2
style,2
star wars,2
lol,2
tricks,2
how to bake,2
dude perfect,2
,1
neighbors,1
jason,1
skeleton,1
dance,1
"the gabbie vlogs
",1
funny moments,1
movies 2017,1
osn,1
battle,1
american idol,1
chloe burbank,1
ptr,1
layers,1
on air,1
apartment,1
brain power,1
coby won,1
game of thrones,1
to,1
singing competition,1
family,1
coop,1
icing,1
"japan
",1
yeast,1
dessert,1
hilarious,1
fat,1
chris pratt,1
facebook,1
cassandra wilson,1
kitten,1
herbie hancock,1
decorating,1
little,1
cool,1
afk,1
pbs,1
mothers,1
1 minute video,1
tattoo,1
vlogger,1
worth it,1
nostalgia critic,1
"kittens
",1
bathing suit,1
outlast 2,1
amazing facts to blow your mind,1
gta 5 missions,1
cowboyjobu,1
richard bona,1
orisa,1
ptx,1
japanese,1
chef,1
go,1
a cappella,1
"outlast 2 ending
",1
bfvsgf,1
panda,1
flaming lips,1
medieval,1
you suck charlie,1
hide,1
overwatch characters,1
the singoff,1
timcast,1
playing with friends,1
88rising,1
shawn stockman,1
guardians of the galaxy,1
super hero,1
boyfriendvsgirlfriend,1
gaming,1
"game time
",1
tips,1
leia,1
force awakens,1
bird,1
3d,1
hero,1
trick shot,1
compilation,1
mac demarco,1
buzzfeed steven,1
water,1
"ro khanna
",1
tal fishman,1
physiology,1
dude perfect game,1
vegetarian,1
ptxofficial,1
oasis,1
guide,1
jack sparrow,1
spfx makeup tutorial,1
musically,1
bob,1
minecraft,1
suntan,1
geeky,1
scotty sire,1
ytqualityhigh,1
f2,1
best science video,1
"daily
",1
clock,1
bikini haul,1
singing,1
"ronaldo
",1
the voice,1
alessia cara,1
cara,1
youtube creators,1
zedd,1
boxbox riven,1
whiteboard video,1
the jimmy dore show,1
pixar,1
andreaschoice,1
alexace,1
diamond,1
editorial,1
gonzalo rubalcaba,1
ron placone,1
spring break,1
chocolate,1
csgo,1
heath hussar,1
stick,1
glam,1
"live news
",1
tnt,1
skilltwins,1
edible,1
tokyo,1
team battle,1
challenge,1
child pornography,1
this is what happens in a minute,1
cat,1
story time,1
movies,1
archer,1
tinder,1
blake lively child pornography,1
merida,1
learn,1
dudeperfect,1
doug walker,1
mitch grassi,1
short science video,1
reality tv,1
"ivan lins
",1
halloween,1
jacksepticeye,1
merel van den broek,1
moo snuckel,1
beautiful,1
throwback detroit pistons,1
man vs machine,1
dude perfect panda,1
stay music video,1
basicallyidowork,1
darth vader,1
sequins,1
benet embry show,1
hoa,1
no cursing,1
pentatonix,1
blake lively speech,1
toddy,1
"tutorial
",1
maps,1
riven delete,1
fps,1
worldtar money,1
beach,1
dobrik,1
child friendly,1
designer,1
beauty,1
outlast ii livestream,1
fx,1
hangoutsonair,1
collection,1
asapscience,1
dinosaurs,1
kamri,1
adventure,1
waves,1
heroes,1
atat,1
buzzfeed adam,1
"carrie fisher
",1
halloween makeup tutorial,1
short,1
trickshots,1
castle,1
sara k,1
freestylers,1
children,1
kirstie maldonado,1
catfish,1
"marvel
",1
inform,1
reaper,1
swoozie,1
boyfriend does voice over,1
zedd music video,1
dead men tell no tales,1
gta 5 full walkthrough,1
i want another baby now prank,1
help,1
soccer am,1
move,1
studio afk,1
lizzza,1
funny vlog,1
steinfeld,1
logan,1
dough,1
costume,1
testificate,1
japan,1
braid,1
"buzzfeed andrew
",1
reacting,1
bottom lane couple,1
what happens in a minute,1
zane hijazi,1
drumline,1
tweets,1
covered,1
holiday,1
fox news,1
swoozie videos,1
13 reasons why,1
vanoss,1
good,1
sword,1
recreation,1
viral video,1
have to try,1
primary us,1
gmod,1
logan paul vlog,1
bread,1
stay zedd,1
game of thrones theme,1
the gabbie show,1
alex,1
parrot,1
kingsman 2,1
james,1
minute physics,1
drake,1
swimsuit,1
choir,1
skills,1
get ready with me,1
andrew ilnyckyj,1
trailer,1
mercy,1
interscope,1
"mining
",1
fail,1
scott hoying,1
dipit,1
full face of,1
esperanza spalding,1
coby won a battle,1
event,1
solomita,1
trending,1
car crash,1
variety studio,1
elders react,1
uprising,1
surprise,1
prank,1
logan paul youtube,1
"i dont wanna waste my time
",1
brown makeup look,1
alessia music video,1
gotg,1
free,1
zed stay,1
pickaxe,1
basketball,1
"retroblasting
",1
ben folds,1
ore,1
xfactor,1
educational video,1
arcade,1
helbig,1
kruger national park protected site,1
the weirdest jack and the beanstalk,1
alessia stay,1
kurt elling,1
david,1
david dobrik vlogs,1
game of thrones season 7 predictions,1
levels,1
"personality
",1
promotion,1
what happens to your body in a minute,1
viral,1
singoff,1
best prank ever,1
rachet,1
fast,1
avi kaplan,1
lebron james throwback,1
glitter,1
instagram,1
idea,1
toy,1
julio padrn,1
top,1
zedd stay,1
hollywood,1
kitten academy,1
crissy wilson,1
stay zed,1
tool,1
hype beast,1
blake lively power of women,1
easy yarn bowl,1
hijazi,1
livestream,1
blake lively the oa,1
videogames,1
grace,1
alesia,1
king,1
steven lim,1
buzzfeed,1
pirates of the caribbean,1
lebron james eastern conference finals,1
life hack,1
african elephant animal,1
 vs ,1
billy wingrove,1
besidju,1
collecting,1
fashion,1
"amazing science facts
",1
ana,1
clip,1
football freestylers,1
iphone game,1
musically compilation,1
robot,1
adam bianchi,1
yarn bowl,1
pastry,1
for kids,1
criisy,1
online gameplay,1
outplay,1
destruction night,1
wilson,1
dallas,1
stay alessia cara,1
logan paul vs,1
contour,1
"ryan reynolds
",1
bailey,1
commentary,1
how to make money from youtube,1
resin yarn bowl,1
hotel,1
gta 5 pc,1
opposite,1
cheesecake,1
outlast 2 horror,1
i want another baby now,1
outlast ii,1
most,1
brooklyn,1
plan,1
jsr,1
tyt,1
superhero,1
djuma game reserve location,1
jeremy lynch,1
flappers,1
bobby carcasss,1
showcase,1
ko,1
"oprah sideverson
",1
face,1
"mars
",1
coby is the winner,1
sun,1
"swimming
",1
physics,1
positivity,1
sara bareilles,1
outlast ii gameplay,1
captain jack sparrow,1
wave mode,1
f2 freestylers,1
i want another baby,1
kings row,1
liza,1
official audio,1
hack,1
domplays,1
pharah,1
youtube trending,1
tjds,1
winner,1
only,1
boyfriend,1
overwatch game,1
free time,1
prop hunt,1
boxbox tinder,1
bin shots,1
"jerry jones
",1
makeup tutorial,1
stop,1
geek,1
hailee,1
loot boxes,1
trick shots,1
funny science videos,1
phil defranco,1
kingsman the golden circle trailer,1
science video,1
action figures,1
maverick,1
jack and the beanstalk cartoon,1
h20 delirious,1
comics,1
lebron james,1
livestream website,1
gracehelbig,1
cringe,1
looks,1
art,1
julien,1
game of thrones season 7,1
ben folds 5,1
matt,1
jyn erso,1
idwwmt,1
penatonix,1
us,1
"nanoboost
",1
plastic taste,1
throwback lebron,1
david dobrik,1
game of thrones season 7 teaser,1
pentakill,1
best,1
"2k
",1
samara redway gta 5,1
fails,1
glue,1
overwatch animation,1
coats,1
andreas choice,1
swimwear,1
dailygrace,1
"middle ages
",1
lucasfilm,1
olympics,1
bruno,1
1 hour,1
teens,1
reinhardt,1
oprah side,1
jobu,1
blake lively kids,1
"international
",1
domo,1
"alessia
",1
facepalm,1
nicole derksen,1
lion animal,1
smoke screen,1
modeling,1
logan paul,1
acappela,1
thom,1
vice news,1
best vines,1
zane hijazi vlogs,1
hauls,1
highlights,1
outlast 2 livestream,1
"shop time
",1
bots,1
"online multiplayer
",1
guardians of the galaxy 2,1
no swearing,1
drunk,1
sweet,1
princess leia,1
pop,1
twil,1
making money,1
100,1
oprahside,1
boxbox delete,1
dom plays,1
attraction,1
bikinis,1
football trickshots,1
mark,1
tropical,1
freekickerz,1
"trickshot
",1
wildlife film subject,1
glam makeup,1
new orleans square,1
i want a baby now prank,1
fox friends,1
photos,1
minute science,1
how to style,1
stay official video,1
comic books,1
88 rising,1
mourey,1
jimmy dore,1
"jizz jazz
",1
game of thrones season 7 trailer,1
itsgrace,1
hasbro,1
tekkers,1
gta 5 gameplay,1
bikini,1
world news,1
ratchet,1
marcus miller,1
spotlight,1
swim,1
zedd and alessia,1
stef zamorano,1
boxbox tinder profile,1
40 years of star wars,1
outlast 2 gameplay,1
special effects makeup,1
comedy club,1
paul gilmartin,1
highlighter,1
soccer tricks,1
nail,1
jenna,1
tim pool,1
strange,1
harmony,1
blue circles,1
soccer skills,1
struggling,1
david and liza,1
lash,1
voiceover,1
"league of legends
",1
viners,1
collab,1
stay alessia,1
renaissance,1
for teens,1
football freestyle,1
characters,1
unicorn,1
sisters,1
"kevin
",1
epoxy yarn bowl,1
cartoon,1
jack and the beanstalk,1
gta 5,1
i want a baby now,1
jack and the beanstalk review,1
thats what i like,1
buzzfeed video,1
game,1
boxbox catfish,1
ocean,1
historic,1
yondu,1
kingsman 2 trailer,1
model,1
chemistry,1
"stuck
",1
parody,1
summer,1
"csgo funny moments
",1
minecart,1
riven,1
questions,1
progressive talk show,1
paul,1
tim pool live,1
safari industry,1
biome,1
regina carter,1
retirement,1
acapella,1
channel awesome,1
chucho valds,1
halloween tutorial,1
lets,1
box box,1
vol 2,1
easy,1
messi,1
captured tracks,1
pitch perfect,1
googly eyes,1
liza koshy,1
zane and heath,1
howto,1
sumo,1
haul,1
quest,1
amari,1
mod,1
gta 5 walkthrough,1
"guide
",1
demo derby car,1
gift,1
outlast 2 1 hour,1
chorus,1
"hey haters
",1
kingsman,1
"kingsman the golden circle trailer
",1
soccer,1
right,1
lebron james full highlights 2007 ecf g5 at pistons,1
lashes,1
spring,1
what happens when you bm me,1
crown,1
swimsuits,1
best pranks,1
couture,1
special effects,1
reaction time,1
garrys mod,1
cowboys,1
ssundee,1
server,1
"game of thrones
",1
gabbie,1
2d,1
custom games,1
joji,1
bruno mars,1
apply,1
the young turks,1
"cartoons
",1
the disneyland twins,1
luke skywalker,1
boat,1
genji,1
the f2,1
googley eyes,1
biology,1
football,1
new horror,1
epoxy,1
beatbox,1
brawl,1
nails,1
movie review,1
blooper,1
zombie,1
james gunn,1
cheating,1
"gta 5 heists
",1
"guests
",1
sister,1
ace,1
duo,1
burbank,1
starlord,1
film review,1
dancewithbruno,1
logan paul vs demo derby,1
demo derby,1
blake lively charity,1
reactions,1
cocoa,1
alessa,1
rising,1
controversies,1
wade,1
logan paul car,1
lebron,1
parade,1
demolition derby,1
neymar,1
lebron james vs pistons,1
custom,1
boxbox,1
cats,1
"leopard animal
",1
blake lively ryan reynolds,1
wax,1
twitter,1
ywca,1
my first kiss,1
basic,1
kingsmen,1
spider,1
gore,1
igor butman,1
scare prank,1
hangouts on air,1
cringiest,1
hair,1
porkchop,1
rick steves,1
steve doocy,1
gta 5 story mode,1
olusola,1
game of thrones season 7 spoilers,1
cheap vs expensive,1
cello,1
football duo,1
nogla,1
how to be rich,1
teen,1
for girls,1
logan paul new car,1
describe,1
"ps4
",1
cringey,1
ash tray,1
smokescreen,1
daily,1
girlfriend,1
politics,1
giraffe animal,1
heath,1
nerd,1
film,1
marbles,1
car crashes,1
teens react,1
variety,1
zane,1
creeper,1
daily news,1
application,1
rogue one,1
1 hour gameplay,1
forge,1
acrylic,1
maverick clothes,1
uprising event,1
blake lively salma hayek,1
boxbox bm,1
i want another baby prank,1
alessia cara stay,1
update,1
yahoo,1
cobblestone,1
season 7,1
crissy,1
draft 2017,1
pool,1
game of thrones season 7 plot leak,1
"ohmwrecker
",1
salon,1
basketball trick shots,1
vice,1
cellobox,1
"body painting
",1
pc gameplay,1
"
",1
groot,1
prosthetic makeup,1
kids react,1
