Id,Title,Description,Comments (; delimited list)
cN2EP1ZC5Rk,Hans Zimmer Live  Man of Steel  Wonder Woman 4k 2017 Tour Los Angeles,Hans Zimmer Live  Man of Steel  Wonder Woman 4k 2017 Tour  Microsoft Theater Los Angeles What Are You Going to Do When You Are Not Saving the ,this version of wonder woman theme is kinda different from the original is she with you  soundtrack Could someone please provide the link of this version if there39s one out there ;then they use man of steel song for justice league when superman comes to join the battle for an epic comeback from the grave ;Holy shit that electric guitar and the wonder woman theme;The Man Of Steel theme evoke emotions such as inspiration and courage and can stand on its on When I hear his other themes it makes me think about the movie only;epic;Looks like Guthrie39s playing a fretless for the Wonder Woman part;This will forever be the new if not one of the new Wonder Woman themes throughout history;Goosebumpsbr Hans Zimmer is truly a blessing and legend;man of steel goosebumps heck yeah;For the 1 person that disliked this vid quotI WILL FIND HIMquot;Can39t wait for Aquaman39s theme or Flash39s;This is fantastic hope to here this in the Justice League film again;Is this from Coachella;Hell yes Fucking Avengers WISH they had such awesome songs for each of their superheroes like these DC movies are WAY MORE EPIC;HAHAHAHAHAHHA The chills I get for that wonder woman theme is off the charts;Can anyone please tell me how long Hans Zimmer concert normally is Duration wise 34 hoursbr I have bought ticket for the show Wanted to plan my travel there That39s why Would appreciate your help;the score to the man of steel is the best part about the film to me;Sounds awesome must39ve been something else to be there wish he would come to Houston
yRu1gGu0AsU,SF9   Still My Lady   Dance Practice Video Full Ver,SF9   Still My Lady   Dance Practice Video Full Ver SF9 First Mini Album Burning Sensation    Still My Lady ,GOT MY EYES HOOKED AT TAEYANG;lt3 bb;I love the one wearing the tight blue jeans and white shirt;Can39t take my eyes of Taeyang;a hrefhttpswwwyoutubecomwatchvyRu1gGu0AsUampt2m29s229a You39re welcome ;weno todos hablando ingles y a mi me da flojera a si que helou quien me contesta  c me siento solita njaefuohufahe a quien le gusta taeyang  a mi no v; ;This song sound so good I really like it Fighting SF9;I like the one in white 3;My bias is the one wearing white shirt and jeans with white shoes ;me aw this is so cutebr SF9 bdabbbr Me HOLY DABBING TURTLES THEY JUST DABBED bdabs alongb;KALIAN BIKIN LIST BIAS BERANTAKAN ;Who the guy in the purple hair;Sf9 amp Skinny jeans  And omg that dance move at a hrefhttpswwwyoutubecomwatchvyRu1gGu0AsUampt0m58s058a  a hrefhttpswwwyoutubecomwatchvyRu1gGu0AsUampt1m02s102a;my boy taeyang is so smooth;ive watched this video like 300 million times why did I just realized youngbin isn39t wearing white;youngbin in these pants can have my soul and everything I own;LOS AMO;oh my lady hold me lady;Ok I got it you can say the leader is the one in cream 
5y2OODNxcMY,MV Highlight    Plz dont be sad Performance ver,           ,the bathrobes are so cuuute  ;39     39;;YOYO OPPA;;Thank You for all the mv versions;      ;it39s not highlightbr it39s dablight; the first five seconds of this song have been replayed a million times I39m dying That butt grab There is a reason why he is wearing the robe with the rated 19 symbol ;YELLOW happiness;sooojunhyunghow does kiki39s booty feel ;Aj looks like wearing no shoes at the pink scenes lol;It39s kinda ironic that I searched 39sad39 cause I wanted to cry and found this song Never heard of this group before now Apparently it used to be called Beast and it was under Cube I39ll check out Beast now;why is this so underrated I can39t believe ya39ll let this flop;Yoseob oppa39s voice lt3 lt3 always support Highlight from VietNam lt3;doojoon rusuh amet sih ;ICANT WAIT FOR OUR NEW FANDOM NAME;           ; ;omo love it
UukWc9RbjBU,miles chronicles twitter videos  a lot of singing,Miles twitter GodHatesMiles the last snapchat clip i got it from ,a hrefhttpwwwyoutubecomwatchvUukWc9RbjBUampt10m57s1057a;I just fell in love a bit more with her singing TWENTY ONE PILOTS AHHH;MILES SINGING VOICE IS MY GOD;THIS VIDEO GOES OUT TO ALL THE PEOPLE WHO DONT HAVE TWITTER;MILES SINGING RIPTIDE WILL BE THE DEATH OF ME AND I WILL WELCOME IT;i love your voicelove from israelxxxxxooooo;Omg go to a hrefhttpwwwyoutubecomwatchvUukWc9RbjBUampt8m00s800a  January 27th is my birthday;Miles singing cured my depression br Cleared my skinbr Saved my ass from suicidebr Amen;a hrefhttpwwwyoutubecomwatchvUukWc9RbjBUampt5m29s529a HOW DO THEY STRUM SO WELL;Miles please marry me;MILES SINGING BREATHE IF YOU AGREE;Miles39 singing voice has left me shook;OH MY THEY SOUND SO GOOD OOOOOOOOH MYYYYYYYYYYY LOOOOOOOOORD;a hrefhttpwwwyoutubecomwatchvUukWc9RbjBUampt4m47s447a you39re welcome;i didn39t know how much i needed miles singing in my life;ANYONE ELSE WANT A CD OF NOTHING BUT MILES SINGING THE ABC39S no just me okay I39ll go home;The singing I love it I swear I nearly cried IT WAS BEAUTIFUL;MILES COVERING HOUSE OF GOLD AND RIPTIDE IS MY LIFE;OMG when he started singing House of Gold;Miles has such a good voice tho
-1b2u6_2-70,13 Reasons Why  Tips para disfrutar la escuela con Katherine Langford  Dylan Minnette,13 tips para disfrutar la escuela con Katherine Langford Hannah Baker y Dylan Minnette Clay Jensen de 13 Reasons Why Mi REVIEW de 13 Reason Why ,Muchas gracias chicos sois geniales;Me encant ;Katherine is so natural LOVE HER;So damn cute lt3;can they just be together pls;please God make them a couple;that little dance of her in the beggining ;one moment does she wear hair extensions on the show It kinda seems that she hasn39t that much hair as when she plays Hannah;Her single;i ship;I really love that they acknowledge that gender is on a spectrum ;I really love that they acknowledge that gender is on a spectrum ;Ice cream everyday
NNKGs9eCx04,Mascot Costumes  Custom Mascot Costumes,Mascot Costumes  Look no further than Cartoon Mascots for festive durable affordable and long lasting mascot ,Need one soon;Marketing with mascots ads life to your event Studies show significant impact when using mascots;Truly the best mascots available And very affordable too;cool characters;Very Nice Costumes  I am really excited to get started;Great Costumes look no further
5qDMqPmdFGU,Do you even know me,Hi hi hi guys We filmed this before we left for our trip in January in case we werent able to editupload for some reason so here it is a few weeks later,hi new subscriber here I just love your blogs its funny and cute like both of you;a hrefhttpwwwyoutubecomwatchv5qDMqPmdFGUampt8m51s851a oops Sorry hahaha;kristen you are so hot i hope im not out of line by saying that but your girl know it to that39s why she39s with you along with other thing39s but im happy for you 2 keep being happy peace;This entire video was hilarious You ladies crack me up;I almost fucking died at a hrefhttpwwwyoutubecomwatchv5qDMqPmdFGUampt8m09s809a  lmao;it is so obvious that Steph loves Kristen more;lol awww you guys are funny ;olYou both make me laugh every time i get to watch your videosLooking forward to moreGod bless;like your happyyou are all so happy;This was hilarious ;What is Kristen39s first question a hrefhttpwwwyoutubecomresultsq23NonNativeSpeakersProblemNonNativeSpeakersProblema haha;YOKES on you Kristen You didn39t BEAT Steph;Love u guys so much U always make me laugh and smile and are genuine beautiful souls inside and out;I was in stitches each time one of use got hit in the head with the hard boiled eggsbruises for days ;Im a gemini toooo whooo;love seeing videos from you two in my sub box;aww that was fun Next time it should be a hot sauce drinking contest using small medicine cups;a hrefhttpwwwyoutubecomwatchv5qDMqPmdFGUampt2m06s206a steph39s face after being asked where the first date was hahahaha;kris buy her mint chocolate ice cream otherwise I will;I have this stupid smile on my face all throughout the video omg why are you so fun to watch  and you two are a beautiful mess in this lol 
LIvZHPeYy6Q,HOW TO HOLD A TODDLER,Hey you  Subscribe  and tell your mates NEW How to EVERY WEEK NEW VLOG EVERY WEEK  Subscribe so you dont miss it FACEBOOK ,Notable muscle growth over the years from constant kiddo kettlebells squats curls etc I39m in the same boat Dadbod improves right along with dadback as my son grows and keeps getting heavier;could anyone tell me what the song tha dad is singing;They grew up so fast been a fan since you39re first vid;this is worse than daddy o5;Someday you may need to rename your channel quotHow to GRANDDADquot;This guy needs more subscribers  Lmao br br I love his videos;where39s the high five;Hey man we have a facebook group which compose of the dads all over the world and we have like 30k members We would love to have you in the group and share experiences of Dadhood a hrefhttpfacebookcomgroupsabunchofdadfacebookcomgroupsabunchofdada br br Cheers;FAVOURITE VID;wonderful way to spend time with your child thanks for sharing funny and inspirational;She39s so big now;No I am NOT listening to a hrefhttpwwwyoutubecomwatchvLIvZHPeYy6Qampt1m06s106a on a loop shaddup  I am completely unmoved I care nothing for cute wibble ;I wonder if my 17 14 and 10 year old will let me do that  hahahahah;Lmao  he39s still wearing the same clothes after 2 years lol quotBaby Jesusquot lmao I39m not sure but this one might be the funniest of all;Oh man Has it been that long That39s crazyyy;I hate when I have to sit through aNOTHER BIOGUARD AD;A question about Patreon Do you have an official one and if so could you please link it to your YT channel There is one on Patreon under quotHow to dadquot but I don39t know if its official or not;Don39t worry as soon as baby 20 enters the ring some of those holds will be popular again with toddler 10;How to hold a teenager;why do I find him hot   n how ridicilously cute are his babies His wife must be very good looking
8ak0f0fiFyg,UPDATE VIDEO EXCITING NEWS  WHIPPED CREAM SPELLING CHALLENGE,Hey friends Were back with another video  Hope you enjoyed watching If this video made you smile or laugh like this video drop a comment below and hit ,Y39all are so dope and been dope I love you guys Oh and congratulations on the apartment;I use to watch you guys all time and I39m so so excited that you guys are back make sure you guys do hella videos love you guys;shiiitttt I remember yall;The OGS are Back  Congratulations On The Apartment  Happy y39all are back miss y39all ;Congratulations I know it feels awesomebr Looking forward to more videos;Y39all should make like a smash or pass or a Snapchat qna;No hands kissing challenge;I miss y39all I have been looking for y39all channel glad to see y39all back;I doubt they39ll last their chemistry us off;smash or pass challenge youtuber edition then celebrity edition;No Hands Kissing Challenge;wowww im just still in shock that yall are back good job girls im loving it;Oml I miss you guys like crazy ever since you guys stopped making videos I was searching for you guys like crazy  thank god i found you guys and I am happy for you guys doing big things;don39t forget to monetize yall videos and put multiple ads on each video;You guys are too funny I wish I knew about you guys beforeI would have been dying a long time ago lol I never subbed to anybody this quick Congrats on the apt;yall are so cute Jordan was super hype to put that in your face lol;Chauffeur is French br You almost got it br I39m glad you39re back girls and congrats on the apartment;You guys are so funny You should make videos like the old ones just talking and stuff maybe even try vlogging;Do the never have I ever dirty version Or truth or dare dirty version;Jordy acted like she was drowning in that whip cream wit her arms flailing Love you guys
aUoFVzS6GBY,MV Highlight    Plz dont be sad Smile ver,    Smile ver MV       D     , ;      ;does anyone notice this is the same like the one on weekly idol that bathrobe and must keep SMILING ;inner me;The one playing the arcade game looks so young How old is he;this is so cute I can39t stop smiling; ;br   19   ;This video actually makes my day;im so confused isnt that beast;This song is for Cube 39Cube just plz don39t be sad our boys already won 8 times39;i love you b25t beast                                 ;i love you yoseob       ;i love you lee ki kwang      ;i love you junhyun      ;i love you doojoon      ;i love you b25t beast      ;There coming to kcon NYC ;my life is so much better because of them ;OMG THIS IS WAY BEYOND CUTE
MwvnC1XkMyc,Zulu Language,Zulu Language Subscribe and click the bell to enable notifications for my new videos  Read the blog ,If I had to learn an African language I would probably choose Zulu It39s sounds very nice ;Sounds beautiful;v   Splendid videomany stars for youEnjoyed amp liked br    Happiness cannot be traveled to owned earned or worn It is the spiritual experience of living every minute with love grace amp gratitudeThat is the key                                 br     Lovepeaceharmony amp lightalways amp forever Reeka   ;Splendida condivisione complimenti David ;Im gonna make a edgy commentbr br br br br br British Zulu WarBritish Empire br    ;SawubonaUnjani  I loved the video thank you very much;LOVE THIS DAVID  Thank you buddy  She was too cool;Amazing
fnQ0DO8HyRE,in love with a ghost  me crying and glitching then realizing there is still chocolate dodie rmxd,heck yeah im a dodie stan  music by in love with a ghost voice dodie clark links follow dodie  ,dodie yess;Love the titles lt3br btitlesb;WHAT THE HECK I WaS NOT NOTIFIED ABOUT THIS But still pleasant surprise;oooo;this is so relateble and I love dodie as well;I39m in love win love wa ghost bsmirkb lol 3;Please check out my lofi chill electronica playlist you wont regret it;DODIE CLARKKKK;This was beautiful ;i think i39m in love with you;dodie stan;This has a bit of an Adventure Time like feel and I like it;MARRY ME PLSSSS;That moment you hate chocolate;I appreciate having ILWAG in my life during an existential crisis and depression ;also quotlets beginquot gives me chills go u dodie;your music is so great for anxiety like I can just focus on it and its so calming and every song is a story like I never really had an answer to the question quotwho is your favorite artistquot but now I do;Keep it up with the music Man  Always excited to listen to your stuff;i think im in love;dodie39s voice is chocolate v  bsounds so niceb
dq93li2ZXfU,ONE OF THESE THINGS IS NOT LIKE THE OTHER  Black Gun Smuggling Mob in Brooklyn,We are on Patreon Make confidential donations to support our work so we can do more Just click here  or for a one time ,this bust is small potatoes the amount of guns running on the streets is unimaginable say no to gun control or only the bad guys will have guns and they won39t be scared to enter your home if they know you39re unarmed haven39t you noticed dindu cowards love soft targets;One white male and 21 quotteenagersquot;lol one of these thugs is not like the others;LOLOLOL;I thought it was the white man leaving guns and drugs in magic boxes that put them into these neighborhoods;Actually two of these things are not like the others Levar Shelborne aka Wavy and Aaron Horowitz aka Gringo both have wide shiteating grins What gives guys;Tougher gun laws didn39t work in that case and those are some of the toughest laws in the country already except for those tough gun laws in Chicago that also don39t work against people who don39t follow the law  Here39s an idea prosecute them and convict them to the full extent of the laws already on the books or make the penalties greater on the laws already on the books andget readywait for itENFORCE THEM;Aaron Horowitz The new Meyer Lansky;da white guy made them do it;That white dude is SO Stoned he can barely open his eyes amp hes got a Huge Stonersmile goin on He39s the ONLY one really Smiling except 1 other black guy out of the 23 lol  ALL the other mug shots look So Seriousamp then theres the White dude WAY TO REPRESENT;quotThis is a machine Gunquot WRONG again Thanks Colin for your videos;I wonder which one snitched I know damn well who will be blamed LOL How the hell did he survive to get mixed in is astounding;Horowitz the  White Guybr This is 2nd time they have done this storybr Again setting up VA as a patsy for their antigun agendabr When Chuck Schumer says quotGun ShowLoopholequot he39s  referring to VAbr VA State Police had to warn NYPD to stop sending NYPD cops down there as Straw purchasers years ago because VA State Police caught so many of them and had to let them gobr Luckily for Bloomberg the Dindus can be made to fufill that role;Pffftt  That39s a postNFA semi auto quottommyquot gun  big dealbr I39m sure they39ll keep the guns and put the thugs back on the streetsbr How about they keep the thugs and put the guns back on the streets;Aaron Horowitz you39re a bloody idiot You39re supposed to be the oppressor not the coconspirator Ainchu payin39 attention;Gun laws and guns are not the problem  Blacks are the problem as shown in the video  br br Criminals blacks and terrorists will always get guns because they don39t follow the law  The law will only hurt law abiding citizens like myself and others  If you want to stop these crimes then look at blacks who cause the majority of these problems in our society  There is nothing racist about it when you look at the crimeand then look at that picture;200 out of 2 million  Way to put a dent in it and make it look like you did a good job  Operation tiny wave  Gringo was forced to do it at gunpoint  By another white guy of course ;oh no say it ain39t so Horowitz guess he thinks he39s the modern day meyer lansky New York City gunlaw joke strikes againnow more degenerates will have them while the rest of us need to jump thru hoops to get a home permit not to mention 39letters of reference39 from friends on our 39good character39 the hell meanwhile I DO NOT WANT to announce to my friends I want to buy a gunpure madness here in NYC;The white guy forced the poor black people into doing it because he enslaved them
6LYqand_q3M,Lorac  Pirates of the Caribbean Makeup Review  Giveaway,Lorac Cosmetics and Disneys Pirates of the Caribbean Makeup Review  Giveaway This collaborated makeup collection is so beautiful Im reviewing ,Super excited for the cheek palette It looks gorgeous Thanks for the great content ;I am most excited about the fall and late summer releases due out from twofaced the dog type a pallet that will benefit dog rescue foundations and then also the collaboration with Kandy Johnson;can39t wait for Jeffrey Star39s new liquid lipstick collection;Winner is AbsolutAlicia;Ahhhh the pirates palette looks like it is every smokey eyes dream  And the charm blush is a gorgeous color I am most looking forward to Kat Von D39s everlasting liner  I think they will be the fix all to all liquid lips that have issues;I39m super excited for the Chrissy Teigan X Becca Collab;Excited for the Too Faced Clover palette Looks super adorable ;I39m excited to try the becca sunlit bronzers ;Very excited for the milk makeup holographic line They are adding lipglosses love their holographic stick so SUPER EXITED to try the glosses;I39m super excited for the Too Faced Clover Palette I39m a super big fan of Pirates of the Caribbean  I would really like to have this palettes;I can39t wait for the winner to be announced ;I39m excited for the too faced and kandee johnson collab;I39m excited for Lisa Frank;So glad to find your channel I39m excited to see what palette ABH comes out with next I hear we have to wait until the fall ;Not entering the giveaway but I39ll be honest I39d rather have larger eye palettes like this be a little clunky That way I don39t feel like everything is so fragile I have smaller more portable palettes such as the Too Faced Sweet Peach palette which is metal that I keep in my purse all the time I39m totally okay with the bulkier packaging for this because like the Alice Through the Looking Glass palette from UD I find these are ones I keep at my vanity rather than in my purse ;I LOVE pirates of the Caribbean and I39ve been a huge fun since I was in elementary schools  I39m excited for the new urban decay launch the colorful pallet looks amazeballs ;The thing I39m looking forward the most is the Beauty and the Beast L39Oreal Collection I REALLY like this theme makeup products but it doesn39t seem like it39s going to be available in my country anytime soon I39ve also got my eyes set on Urban Decay39s Naked Skin Shapeshifter Pallet and their new brush ;I39m most excited for Too faced Sparkle palette I love the look you39ve created and the palettes look so goood  D;I39m most excited for Jaclyn Hill makeup line Dbr This makeup is beautiful and the packing omg I love POTC can39t wait for the movie to come out  ;Super exited for anything Disney makeup brands always have beautiful disney collections
bfg593CAv1I,in love with a ghost  lets walk across this forest i can feel that everything is real again,buy the full album   music by in love with a ghost links  soundcloud ,hey everyone i have a secondary channel nowbr a hrefhttpswwwyoutubecomchannelUCbMXgZFCFPHbZa7JRJqjybwhttpswwwyoutubecomchannelUCbMXgZFCFPHbZa7JRJqjybwa;oh i hope one day you will introduce each of the characters tho;gosh there39s something about the music that made my heart skip a beatbr your music is great as always btw;sounds like living single by big sean;I always get good vibes whenever I listen to the stuff ILWG postsbr It39s a good start of the day or end of the night;This reminds me a lot of studio ghlibi I love it;wish it were longer but this will do;4 times and counting i don39t even want to write in comments only listen to thatbr br br br thank you for this;really dig her jacket;one of my most fav tracks idk why but this gives me mixed emotions about my relationship with my family with my boyfriend with my friends and now i also feel nostalgic af;this title tho;Hi  Been quite a fan of your channel for a while now D I was wondering if there39s a way for me to get copies of your artwork they are so AWESOME ;I love this stuff;This is beautiful;can we get merch please;I39m always looking forward to these titles  your music is my fav I literally fall asleep listening to a playlist of all of your songs and it helps me sleep better Also my dreams are so colorful now with a lot of imagination;The park is freezing and puffs of air leave his chapped lips in angry windwhipped clouds But the pounding swaying music in his ears sends tendrils of warmth through him despite the chill of the air br br People shuffle around him some hunched and miserable from the outside cold and some like him full up with the warmth of good feeling They hum through dry lips laugh through sore throats and clap their bluetinged hands because being cold is a slowcreeping madness it gets under your skin if you let it and it stays there close to the bone br br But being happy is bubblebursts easy and fast like goosepimples that move across the width and breadth of your body from frizzy bedhead to crooked pinky toe It lights you up firebright as long as you feed it with tea and books and blankets and laughter He watches them all as he listens and walks in the early morning sun He eyes the cold distant people trudge along fading against the lonely backdrop of washedout benches and grey trees But he also stares unabashedly unashamedly as the laughing ones the warm feverbright ones shine even brighter br br Thank you so much for the inspiration lt3 These beats are lovely and put all kinds of pretty pictures and words in my head;This is pretty good I love your music;I feel like most of these comments can be turned into a song title by him;Hi this is just something I thought would be cool so you don39t have to necessarily do it but if possible can you make covers of studio ghibli songs in your style I think it would sound so amazing
HrNwtPVTRJ4,QUANDO VOU MENSTRUAR,INSTAGRAM  FACEBOOK  EMAIL ,Muito obrigado me ajudou a tirar muitas dvidas amooo esse canal j ativei o sininho e me enscrevi;jjja soou moinha;Eu tenho 11 anos e tenho muitas clicas quase todo dia mas ainda no desceu pra mim;Vim ver pela minha amiga ela t com esses sintomas eu j menstruei mais ela N  vim ver ela est com todos os sintomas;Dani  Amo muito o teu canal que cresa cada vez mais  bjs;eu tenho 14 anos e no menstruei ainda  tenho corrimentos brancos e normal e os meus pelos j esto crescendo mim ajuda;eu t muito muito ansiosa;amo seu canal;tenho seios  tenho pelos clicas  dores no seios e corrimentos brancos  amareles e transparente tenho 10anos minha amiga ficou mocinha com 9anos fico meio triste mais sei que logo logo vai vir para min;lari lari tambm no consigo parar de pensar j tentei mais no consigo estou muito ansiosa;Menstruar e to chato e tem meninas querendo ficar logo no intendo kkkkkkk e horrvel ficar assim;minha segunda mame hihi;De fato no quero menstruar logo a nica coisa que eu quero  ter peito   pq eu tenho quase tudo menos peito mas tenho bm  pouco eu tenho bm  pouquinho de  pelos pubianos e axilares mas tipo so bem fininhos e tenho dois caroinhos nos dois seiosMas tipo eu sei que um dia vou menstruar mais eu s quero ter peito kkk definitivamente todas as meninas da minha sala tem seios e eu s a nica que no tenho seios srio kkk tenho 12 anos tenho corrimento amarelado e esbranquiado mas tipo de boa tem cheirinho bem leve e tals Mas concerteza vai demorar para mim menstruar pq dizem que as meninas puxam para a me e a minha me menstruou com 16 tomara que demore ;O meu sintoma foi o suar q ficou fote td hr msm qnd eu estava com desodorizante suava muito;Eu;amoo muito seu canal dani s que tenho uma duvidabr como eu fao para minha menstruao decer logobr pode fazer um vdeo assim porfavo;Sinto todos os sintomas ;Eu tenho 12 ano e sinto dores na barriga tenho plos corrimento pode que esteja perto de mestrua;amo o seu canal vc me ajuda principalmente te ter a maioria dos sintomas  mas eu nem se quer quero menstruar ;eu tinha corrimento quando eu tinha 13 anos sentia clica s quando eu estava dormindo desceu com 14 anos
bpg6RSHS4Zc,126 Cheap MQTT Broker on Raspberry Zero W  DietPi  MQTT Message Logger SQlite  PHPliteAdmin,In this video I use Peter Scargills script to build a cheap Mosquitto MQTT broker for less than 20 and in less than 30 minutes In addition I implement a MQTT ,Great workbr br For those who have problems seeing the root html just run the following commandsbr     sudo wget  a hrefhttpwwwscargillnetiotindexhtmlhttpwwwscargillnetiotindexhtmla O varwwwhtmlindexhtmlbr     sudo wget  a hrefhttpwwwscargillnetiotresetcsshttpwwwscargillnetiotresetcssa O varwwwhtmlresetcssbr br Thanks to both of you;is that power usb cable good i bought some of those but they are pretty bad ;little bugger  did an Australian tell you that word ;Be carefull with these insert sql statements The data comes from a string that allows any publisher to inject sql commands I just had a look at the node red related sqlite tutorials and did not directly found a solution A proper sql parameter fuctionality to pass these parameters a hrefhttpswwwtutorialspointcomsqlitesqliteinjectionhtmhttpswwwtutorialspointcomsqlitesqliteinjectionhtma takes care of these issues I am unsure if there exists one but I assume a hrefhttpsprimalcortexwordpresscom20160513esp8266loggingdatahttpsprimalcortexwordpresscom20160513esp8266loggingdataa;nice work has anyone managed to make this to work on an orangepi zero  br i39m interestedbr thanks to developers;Quick question please  Pi Zero not W on order and an ethernet cable adapter  Will Andreas39 Pi Zero W image work  I believe I see the ethernet cable adapter in the picture in this page a hrefhttpwwwsensorsiotorgdietpisupportingmaterialvideos126and128httpwwwsensorsiotorgdietpisupportingmaterialvideos126and128a  Thank you;Hi Is anyone else having problems installing new nodes into nodered with either package manager or from the palette I39m sure this was working on a previous version of the disc image a few weeks ago Have flashed a newer image that is now hosted on Sensorsiot and I cant add any new nodes;I am having trouble with the dashboard UI  I dont recall changing any passwords but i have tried everything and cant seem to log into the dashboard  What is the default for this;Sorry for askingbr I do not understand where or how do I edit my SSID and passw br How can I open this file while my PI is running the scriptbr Ohh must say Im new on de RPI that39s why my stuped quenstion;Loaded your image fine Great work I am stuck getting into Node Red Control Panel from PETE39S UTILITIES I have run out of ideas for the UsernamePassword;Hi Andreas great video on LoRa The problem I have is that the links to upload the image files don39t work Can I get it from somewhere  else Google says forbidden and OneDrive says it39s gone;piDietPi   mosquittosub t quotquot gt Connection Refused not authorisedLOL this is fun any ideas;can not get into ui with username admin password admin Do I have the right credentials;Your DietPiMQTTBroker8GNewimg is 15603712 bytes and won39t even fit on a 16GB SD Card Why is this;Does the pi zero image work for a raspberry pi 3B model;I am unable to run mosquitto and get the following errorsbr br Opening ipv4 listen socket on port 1883br Error Address already in usebr br any help would be gratefully received;tolle arbeit herr spiess vielen dank mosquitto broker luft nodered luft ich kann mich aber leider nicht in a hrefhttpxxxxxxxxxxxx1880uiXXXXXXXXXxxx1880uia einloggen anmeldung mit  adminadminbr funktioniert leider nicht habe zuvor die IP und das rootpassword des Pi gendertbr haben sie eine idee vielen dank;I took the 8gb image from google drive used on RP3 Set the ip39s etc can access over ssh and so but If i go to the ip adress in browser it just shows me blank white page source code is empty too So I dont know how to continue to nodered etc because I dont get the menu with links Does anyone have an idea what might be wrong;Thank you very much;Thanks for making the image But I39ve been struggling all day to fix a few problems to no avail br 1 The DietPi web site says that their image automatically expands to fill the card on first boot Your image didn39t do that br 2 After I configured the IP info to work on my network the DietPi said there were updates I made the mistake of typing in sudo update which filled the 18gb partitionbr 3 The DietPi instructions for expanding the file system named the wrong directory Even with the right directory tree they didn39t work a hrefhttpdietpicomphpbbviewtopicphpf12ampt1385httpdietpicomphpbbviewtopicphpf12ampt1385a br 4 I can just reimage but that doesn39t solve the space problem when DietPi tells me there are updates that won39t fit br br Now I39m trying to learn how to run Peter Scargil39s script on a larger installation of Jessie lite but that39s still a work in progress because I don39t know linus and the instructions are written for people who do It wasn39t as easy as Pi   Any thoughts
GjyvbOVPofo,MV,1 ,527;;
tCEly9HCTvI,PLAN WITH ME  Bullet Journal Monthly Setup  April 2017,Welcome to my very 1st video guys Finally D This is one of the most extensive monthly setups yet but I finally feel like all my monthly spreads have a flow to ,I LOOOOOVE your bullet journal The discbound notebook is so cute and I love how cute your spreads are I like how you keep everything vertical as well  I39ve seen a few vertical trackers but none that I like as much as yours Meaning so far I39ve only done horizontal trackers I39ve already set up my trackers for this month but I39ll have to come back to your videos for the next month;I was wondering how you organize all your pens because i39m having a hard time finding functional setup could you recommend a organizer;love it ;Hello there  nice channel xx I noticed that you were talking about old videos but when I visited ur channel I only saw 2 videos this one and the one in May do u have another channel These videos were still the most inspiring ones I39ve seen on the topic of bullet planing  I still don39t know where to start O;The best bullet journal channels in Youtube hope you upload videos very often ;I really want to make it  but I don39t know what is that use for;I love your vids and i just subscribed i wish you have more vids so i can binge watch it;Randomly was recommended to your channel New subbie  I39ve started bullet journaling and want to keep it simple yet very pretty and I think you39ve achieve that Thanks for the inspo;What is this type of BUJO called;i really love your set ups you39re inspiring me to start a bullet journal;I decided I39m going to start a bullet journal in 2018 to get myself organised for my Masters project and thesis and my life in general I39ve been spending weeks looking at different layouts and spreads and yours are some of my favourites ;quot these are just random squiggly lines so you cannot mess this upquotbr br Challenge accepted;i love your bujo style it39s simple but still gorgeously artsy;Absolutely love your bullet journal What size is this journal;These are beautiful;Enjoyed your video very much truly great;I have literally never hit subscribe so fast this was beautiful Keep blessing my subscription box with this lt3;so tempting to do;Where is your journal from;I just started bullet journaling I39m really loving your ideas I really love how you do your tracker and your designs are simple but very pretty I39m subscribing xoxo Sarah
kFf5XsMlsmA,10 MORE FACTS ABOUT ME,today I give you guys 10 more facts about me because i am already out of ideas P TURN ON NOTIFICATIONS SO YOU NEVER MISS A VIDEO,WHERE IS THE NOTIF SQUAD Let39s shoot for 13k likes;Ommgggg your lips eyebrows and eyelashes are actual goals;I love so mutch dogs;i turn ;What kind of camera did you get;your like lizza koshy and Amelia gething but a guy;Good evening  look at the background;I turned my notifications bell on;i39m brazilian and omg you39re so beautiful seriously;turned post notification on and subscribed;Hi;When39s your birthday;my whole family39s name starts with a J too;I turned your post notifs on I love you so much you inspire me everyday xxxx thank you for always being there to make me smile xxx;post notifications ;ilysm;I turned post notes on;I just turn the notifications on You are AMAZING  you are funny pretty and also my life   I Love you ;You39ve changed so much since your first YouTube video  also RIP black hair tie;I turned post notifications on 
HtR_rYPrRGs,Tonia Madonna  Cano apaixonada 2017 OFFICIAL 1080p FULL,Cano apaixonada  un brano Classico Napoletano rivisitato in versione Samba Portoghese che vede come interprete la cantante Tonia Madonna E una ,Orgoglioso di te Continua cosi  Sei meravigliosaaaaaaaaa;Brava alla mia Toniaaa;sei uno spettacolo  sei bravissima Ti Adoro 
8M3h0Gv7QbM,Quem Foi Nikola Tesla Parte 3  Ep 69,Nikola Tesla produz energia para todos atravs das cataratas do Nigara Rasga um contrato que vale uma fortuna e inventa novos equipamentos  ,Fiquei sabendo do seu canal atravs do Nerdologia estou gostando muito Parabns;a hrefhttpwwwyoutubecomresultsq23respostarespostaa deveria ter inventado as ondas de actnnio;Infelizmente nenhum cientista atrai mais boatos e malucos do que Tesla evidente que ele fez grandes descobertas no entanto errou e muito assim como todo inventor inevitavelmente vai cometer mais erros do que acertos;Mto boa a ideia da srie Espero que faa de outros inventores tambm;tesla deveria ter inventado o quot suborno alternado quot ao invs da corrente assim ele ganharia a causa;a hrefhttpwwwyoutubecomresultsq23ResponderRespondera Demonstrar que a corrente alternada realmente tinha poder mortfero e matar todos da outra corporao;A vida  muito injusta 39;A histria conta que se ele morresse antes teria vencido antes a batalha judicial;Faz um quotQuem Foiquot de outros grandes inventores tambm Davi;s a arvore feliz fofinha na abertura ja vale o like;a hrefhttpwwwyoutubecomresultsq23RespostaRespostaa Deveria ter chamado o Mussoumano pra uma parceria contra o Edison br Tesla em batalha de gniooossss ;666 likes;Ele deveria ter fornecido energia eltrica gratuita para o forum onde estava sendo julgado seu processo e para a casa do juiz tambm;to vendo a srie Cosmos  muito boa mesmo;Deveria ter requerido a patente atravs do rdio;Lord Kelvin lt3;Muito bom o vdeo mas s uma pequena correoAssim como no existe o nome quotamperagemquot tambm no existe quotvoltagemquot O correto seria tenso Voltagem foi apenas um equvoco que cometeram na traduo traduziram quotvoltagequot como voltagem quando na verdade significa tenso Sou aluno de Eng Eltrica e acho esses vdeos sensacionais  Obg pela ateno D;Existe a possibilidade de fazer uma srie dessa com o Santos Dumont;Sem spoiler mas a historia de Tesla no acaba bem;a hrefhttpwwwyoutubecomresultsq23respostarespostaa ter contratado o advogado do Fluminense
po_A_XDU3mI,WELCOME TO JOSHLEDORE,Welcome Lets see where this journey takes me Tell me something interesting about yourself in the comments Subscribe for more videos  ,Love you and Kendall So exciting for this channel ;hello my name is Houry i39m 19 i am Lebanese Armenian I39m currently studying architecture i love conspiracy theories and i am so excited to add a new channel to my conspiracy theory channel list br judging from the trippy talk segments i am sure that you would provode good content goodluck to you on your YouTube journey;You and Kendall are so cute I hope that you have a good time on YouTube I know I will enjoy itbr  I live in Houston Texas br parents are divorced both remarriedbr hate step mom br run trackbr play soccer br gonna be a freshman next yearbr  can run a mile faster then you can make Raman nudelsbr  so a a hrefhttpwwwyoutubecomwatchvpoAXDU3mIampt5m52s552a01 mile is my PRbr play sweeper in soccer br live for kendalls vid and your know too;hey do some videos on your thoughts about the movie Armageddon br Reason why is because its one of my favorite movies and two because what do you think of something like that happening Did the science make sense in it Could a huge asteroid really kill us all;;I love pizza;so excited for you josh  someone named KendallRaesent me lol ;im so happy you39ve decided to do YouTube videos I39m a big fan of Kendall and I just know I39ll be a big fan of yours too;Subscribed and SO excited to learn from you  Good luck ;Eggs Benedict for the win;Eeep I39m so excited You and Kendall are amazing;I39m late to the party but I39m so stoked;yes please talk about how people hack ps4s;you and Kendall are the cutest;wow Kenndal picked a good one;tbh im here cause I love Kendall so flipping much and i just wanna do everything i can to support yall you39re both doin great ;LETS GOOOO;I39m really excited for this channel ;Welcome to Youtube hope you enjoy and stay here D;Yaaay I39ve been subscribed to Kendall for like three years Now I can indulge in more videos with my favorite people on YouTube  Kendall and you This channel is going to be sooooo amazing  subbie from Sweden 
BUkLkx-RKX4,iMeiden  Embrace,Thanks For Watching SubscribeLikeShare  SoundCloud   Follow iMeiden SoundCloud ,YUUKIMUSIC;;it39s really nice and kind calm song great work on picking it up ;I Like it  vary much;His every songs are my favor;This is a banger doesn39t sound radiofriendly or poppish Instrumentals are amazing;good job lt3;lt3;Nice songbr lt3;ohh my waifu S2 Chiya;I want to be taught to compose such tracks;I heard it like someone who has been holding hisher sadness and now letting it all out but still unable to escape from the sadness;The thumbnail makes me think of Voez And the song is good ;iMeiden provides best music for us all the time;;iMeiden is life lt3;CHIYA;Oh Yeah Nice In one;Another imeidan song perfection at its finest;Awesome
fwnMm5NjzTk,Story Time  Medical Mayhem,48 hours of one medical emergency after another,God bless the both of you;Aww quotDadquot is absolutely adorable So glad ALL of you are on the mend When it rains it poursbut you made lemonade Somehow a mixed metaphor seemed appropriate here lol;May God continue to bless you all;You are an inspiration Praise God things are not worse;Thank God for Elizabeth she39s an angel  My prayers go out to everyone including Elizabeth39s Mom  God bless you all ;OMGoodness Don39t we have an AMAZING GOD So praising HIM that all of you are doing better So scared tho when we need more grownups around We all should pray for more of those ;I thought this kind of stuff only happens to us  LOL Whenit rains it pours  God Bless;You are lucky Elizabeth;Love your heart for our Lord  God has been so good to you  My husband and I can see God39s hand on us also over the past 54 years;He is and on time God yes he is;Praise God;glad to hear everyone healed well and I know exactly about the torn retina  it happened to my twice laser surgery was great I had it all done at once but when it happened I actually thought I had a fly in my eye like cobwebs it was horrible and I looked into the mirror to see if it was all murky  but it wasnt anyway it was an experience Id rather not ever go through again very scary after the procedure I laid on the couch and rested it took a few days to feel better slight headache  but GOD IS GOOD thanks for sharing YOUR story;Wow what a week you39ve all had God bless and continue to heal you all xx;Wow You guys have been through the wringer I hope everyone gets better soon I39m praying for quick recoveries for all of you;Oh Elizabeth I can39t imagine So glad everyone is mending and that you39re able to see the humor in events and that both Bills are improving Thank God for His supply and protection over all of you lt3;remember when it rains it pours in your case God Bless you;glad you guys are doing well;That39s certainly one for the record books Wow;Praise God for watching over all three of you during the hectic and trying week that you have had God is good all the time It is so touching to see the two of you interact with each other Your deep love devotion and respect for each other shines through for all of us to see Thank you both for sharing a part of your lives with us Prayers for continued healing for you all Blessings to you all
2O2jux74j1k,Taeyeon   Fine My Voice Album  piano cover,HAHAHA a late cover of FINE D I know many of you were expecting this Hope you like it O Im pretty late on this because school eats up most of my time but still ,HI please cover gfriend39s FINGERTIP and Navillera and try some TWICE songs please;youso macnificent Dbut i can39t buy the sheets because of paypal;THANK YOU SO MUCH YOU MADE MY DAY THANK YOUUUU;can you do winnerFOOL piano cover;oh my I39m so in love with this cover  ;YOU ARE DAEBAK I love your arrangements;YOU NEED TO MAKE AN ALBUM AND THIS IS A MUST;Can you cover first love from suga  I love this song It39s Really beautiful;You have yourself a new subscriber  Can you please cover more songs from her new album I really think Feel so Fine and Cover Up will sound so good if you covered them; ;why is This s so Be AUtIFUL IM CRyInG;I want to listen quotFirequot which is one of the song in taeyeon39s album;someone compile the amount of sweaters he has on all of his videos please;holy shit I thought you were a girl because your hand is so white and soft and probably more beautiful than my whole existence but yknow ;I remember how much I loved your piano cover of quotWhyquot Well guess what You just keep getting better and better Looking forward to your future Taeyeon covers ;The arrangement is very beautiful Your songs always give me energy ;Please do a piano cover of Time Lapse by Taeyeon ;I would pay for sheets to Beautiful with Crush I39m at college and I can39t transcribe ;please cover BTS more br please;you need to make full versions of your opening
absfhludsX4,   1,            ,  ;       130  60         100120     ;;;;       ;      ;          br br ;  ;        ;                   ;   ;          ;       ;  ;  ;     ;                         ;     ;     
ef4J2ZtLsS0,Recent Reads  Nina Is Not OK  Homegoing  Booksandquills,In which I chat about two books I read and LOVED recently both dealing with quite heavy topics We also discussed Homegoing at a VidCon Europe book club ,strangely I read both of these books this month loved both and agreed with everything you said I wept with relief at the end of Nina Is Not OK poor girl;maybe i need to give homegoing another stab i got the audio book and found it SO HARD to follow just couldn39t finish it clearly i needed that family tree;Nina I39m assuming she39s the main character sounds much like Tess of the d39Urbervilles  making all the wrong decisions but you still feel sorry for her Awesome video I enjoyed watching it D;Tell us about the ones you39ve left unfinished D;I love his video book review format I definitely think you could do more like this;Would you say 39 Nina is not OK39  has a trigger warning for rape;Homegoing is definitely on my to read list now;I39ve been really wary about whether or not I want to read Nina Is Not OK but your review has definitely reassured me that I39ll enjoy it;Nina is Not Ok sounds so amazing I think that just jumped up on my list;do you have any tips for writing book reviews I want to start reviewing books and becoming a beta reader but I cannot articulate it well;I just got Nina Is Not Okay out of the library  sounds like a perfect train read;Nina is not ok sounds great Thank you for the input I actually love going into books like that with a little prep haha;Loved this style of video;really enjoyed this kind of video;quotHomegoingquot sounds very similar to quotRootsquot by Alex Haley but with more of a feminist narrative;I love this idea of more than one review per video ;Hoi;Homecoming is on my 12 for 2017 list I39m really looking forward to it;Hi new subscriber Homegoing was my favorite read of 2016 and my final read of the year as well And then I had a chance to meet Yaa Gyasi recently and she39s such a delight to chat with As for the format I prefer videos like this with two or three books  a few minutes each  instead of longer singlebook videos I tend to strop watching those after 4 or 5 minutes
0R6HDl0Kamg,Kitten Close Up 20170415,,cuteeeeeeeee love cat ;Fyi that39s a Honeybee not a wasp ;ooh cuteness overload;very cute video;In Eddie39s prior cameos cameows in the close up streams I thought he was the resident expert in feline aloofness and indifference to human attention but his contented nuzzling Mr A39s hand at a hrefhttpwwwyoutubecomwatchv0R6HDl0Kamgampt18m00s1800a blows that image  ;Dear Mr KA  We heartily approve of the introduction of live prey for the kittens  It takes the concept of an interactive toy to a higher level and promotes true catting  Screening to prevent injury of the prey or kittens was wise We did of course appreciate that Pom was heavily covered in this episode  We Pom  A lot  We want to congratulate all the adopters of the Fish kittens and wish them and their Furever parents wonderful lives in their new homes Your fans on the east coast  The Old Broads Who Wear Glassesbr br PS  More DJ please  She is underrepresented in these videos;aw Hal is dare I say it so Adorable By the way that is my favorite cat tree of yours it39s so sweet when they all curl up together in one of those round platforms Get two or three or esp all four in one of those all curled up together in a pile and focus a camera as close up as you can and let us watch them sleep It is so very zen so peaceful You can forget your worries for a while as you watch sleeping kittens cuddle and twitch;So cute and as a Brit I39m loving the Union Jack socks ;I miss AngelHow is she with her family;I love the extra quotfloofquot on some of them;I would name that fuzzy calico Patches she is adorable and the others are too I am just partial to the tricolored Calicos Happy Easter to all amp God Bless;Blessed Easter Kittens Academy;Happy Easter to Kitten Academy;Happy Easter for both of U and Cats ;Acro is such a ladies39 man that39s the second time he39s winked in a Livestream X;so cute i love it;CUTEEE ;At a hrefhttpwwwyoutubecomwatchv0R6HDl0Kamgampt6m42s642a Pom can fly  At a hrefhttpwwwyoutubecomwatchv0R6HDl0Kamgampt7m26s726a Pom wishes she could fly ;Where is mamma I would love to adopt the dilute calico Where are you located;Happy Easter   to you Mr A DJ amp Kitten Academy 
r-fauECnPFg,FFBreak UpJungkook 12,Sorry But uhh first time writing these oo  So didnt look over this because I will regret this later on  Dont worry this is just a one shot none of this is real of ,Sorry for the Grammar errors I didn39t read over itbr br Edit 110317Part 2 a hrefhttpswwwyoutubecomwatchv2GAWv1TUHW4ampfeatureyoutubehttpswwwyoutubecomwatchv2GAWv1TUHW4ampfeatureyoutubea;this is the 4th time i watched this;hey kyuteKookie is one youtuber who has the exact same story like word to word incase you dont know authornim;when i woke up yesterday my cousin asks me what happened to my eyeand i didn39t answered hercuz the answer is i cried what if this would happen to me;I39m cry;the irony that jk is dating taes ass in real life i swear im;y39all when i saw the oppa and when his coconut ass called her babe i lost my shit;WHY DOES JUNGKOOK HAVE THE MOST BREAK UP IMAGINES;ommo i cried ;waaaaaaaaaahhhhhhh Why Am I crying It hurts It freaking hurts so much I don39t know what love is I39m just 11 years old but why am i crying huhuhuhuhuhuhuhuhuhuhuhuh BTW your a good athour tho;Uhmi read oneJUST LIKE THISSAME WORDS;can you make another video up to part 5 pls because your story is very beautiful;It39s been 4 years what do you mean it39s not to late That39s the problem with boys;i cried hardcore cause jungkook is my bias TTTT;how do you do that speech thing can you show usss;I watched twice xD ;unnie my ass lmao;The way the background changes and how the SO has her own POV in this imagine reminds me of otome games;I cried like bitch;He39s not that late only like 4 years he probably thought he came early
iJL8r38HLZI,HUGE iPHONE 7 PLUS GIVEAWAY OPEN  NEW SEPHORA MAKEUP GIVEAWAY 2 WINNERS,HUGE iPHONE 7 PLUS GIVEAWAY OPEN  NEW SEPHORA MAKEUP GIVEAWAY 2 WINNERS APPLE iPHONE 7 PLUS     How YOU can make ,thank you so much for giving away so many amazing products  i would love to win the second box good luck to everyone;i cant wait to see who won box 2 looks AMAZING;love yooooou i hope i win;When will the giveaway end Xxx;I really wanna win your giveaway;What an amazing giveaway I would like to win box number 2 xxxxZoe;I39d love box 2 ;I would love to win box no 2;I would love to win box 1  AND I THINK UR SO SWEET DOING THIS Seriously I love your sweetness And ur video39s  I love to be a subscriber of you  X;How do you chose lol either box is great;All of the products are wonderful And I39m starting a channel in YouTube and all of this will help me a lot  I39d like to get the box 2 ;waiting for your new makeup tutorial hope everything is fine ;I would really appreciate if I won box number 2;34K now wow congrats you deserve it  Your makeup talent is just amazing it deserves to be noticed by everyone ;youre a great makeup guru and it is so generous of you to make giveaways to appreciate your subscribers respect you;Wow amazing I would love 2;omg all these itemsyou39re so kind My heart soul spirit and body wants the iphone tbh I would die to win any box lol but box 2 is on whole other level;It39s so generous of you to give away si many great things for us I would really want to win Box 2;Subscribed;
5rRgacCf4T0,PESCARIA DE ROBALO NO OUTONO DICAS DO NAKAMURA 2,Agora  a vez do Robalo Nelson Nakamura comenta sobre as situaes de pesca do Robalo no outono nas regies sul e sudeste Qual isca utilizar Qual as ,parabns mais uma vez ;Obrigado pela dica mestre Qual a influncia das fases da lua na pesca do tucunar e de outros peixes;show bola Naka dica bacanasou apaixonado pela pesca de robalos parabns;E ai Nelson N br nunca fisguei um robalo porem alguns amigos jo fisgaram em constobr A minha pegunta ebr  a seguintebr Em qual momento teria mais chaces de fisgar o Robalo na mar enchendo ou na mar secandobr Obrigadobr Grande abrao desse seu f iniciante na pescaria;nelson gosto muito das suas dicas anima bastante agente gosto muito d pesca gostaria d ganhar um carretilha como presente seu moro vila nova pirapora do bom jesus meu nome marcio 011 55 950468068 un abrao pra voc;fala Mestre Blza aqui   o Thiago Silva de Cubato tenho uma dvida aqui porque uma isca de meia gua  sem o ratlin   mais atrativa do que as que tem isso falando de robalobr abraos Naka ;Parabns pelo trabalho meu amigo;Muito bom o anal agora os fs podem acompanhar melhor o mestre Nelson Nakamurabr br Quando surgir uma oportunidade nos presenteei com um video de dicas para pescar pequenos dourados no sudeste na isca artificialbr br Costumo pescar alguns na faixa de 500 gramas at 15KG;Excelente video com excelente dicas ;Utilizo direto suas dicas em minhas pescarias grande mestreprincipalmente as que dizem respeito aos tucunars que  o peixe pelo qual busco em minhas pescarias e fao meus videozinhos de pescasade e sucessogrande abrao;Sensacional Nelson Dicas preciosas para quem pesca Robalosbr Grande Ab;Nelson te vi no torneio de pedra do cavalofoi filmado por VCse sim passar em q canal as imagensobrigado desde jsou seu f;Obrigado Nelson Continue nos passando mais dicas sobre o robalo pois precisa de muita tcnica e detalhes pra fazer uma boa pescaria desse bocudo Abs;Parabns se possivel no prximo vdeo de uma explanada sobre tipos e trabalhos das iscas e no outono para o Robalo Tipo tamanho cor velocidade da isca;nelson fala sobre o terneio pedra do cavalo sou de brumado;nelson sou seu fa admiro seu profisionalismo e paixao pela pesca esportiva abraco;udio melhorou em relao ao ltimo vdeo parabns fiquei escutando um motor ao fundo mas deu pra entender tudobr br grande mestre Nakamura;Nelson eu ainda estou vestido com a camisa autografado por vc no torneio  Cabra da Pescabr obs eu estava usando um chapu de vaqueiro e te desejei vida longabr grande abrao do seu f Gilmar ;oi nelson sumil da tv;muito bom
T5aSeu0eIvg,LANEIGE Two Tone Tint Lip Bars  ALL 8 Shades Lip Bar Review  Lip Swatches,Hey girlies Back with a new Laneige Two Tone Tint Lip bar video because I felt like my first video was not doing these awesome Laneige Two Tone Tint Lip ,GIVEAWAY CLOSEDbr Congrats to bdrumrollb Thea Santos Please drop me an email at cinata hrefhttpcinddiecomcinddiecoma with your address and I39ll send the lip bar your waybr To all of you who have taken part thank you all sooooo much for participating I didn39t imagine that there would be so many entries and supporters and I39ll definitely be hosting more giveaways to thank you for your kind support and encouragement br Please feel free to drop me a comment hereon my instagram or facebook page or slide me an email if there is any content you39d like to seebr iibr br I39ll be giving away one of these lip bars well I39ll purchase a new one of course to one subscriber 1 Like this video 2 subscribe to my channel and 3 leave a comment below to let me know which is your fave shade and I39ll pick a winner 30 Aprilbr br Giveaway is open for SEA countries Namely Singapore Malaysia Vietnam Thailand Indonesia Philippines Brunei Cambodia;Hi I chanced upon this review video amp really liked it I rarely leave comments in YouTube but I felt obliged to as ur review is 1 of the best I39ve seen for the Laneige two tone tint lip barsbr br Ur review is concise amp straightforward It39s not draggy which causes viewer to fast forward the video I like how u showed the various application effects of each shade and the close ups amp full face views The lighting was also not too bright amp not alteredbr br This is the first video I39ve watched from ur channel amp I look forward to ur other videos Thumbs up amp keep up the good work ;hi im from indonesia and i like the number 2 tangerin slice  cauze i like use a lipstick that have orange colour and i like to use laneige lipstick product cauze they Moisturize my lips  i hope i will win this sorry for my bad english;oh ur doin a giveaway  yay haha first of all thankyou for giving everyone a chance to enter and i hope u39ll become one of the succesful youtuber the reason why im entering this giveaway is bc i wanna try korean products and also bc of watching kdramas haha i would love mint tint hehez  more blessings to come saranghae ;Laneige Two Tone Lip Bar 08 Cherry Milk is the best for giving that lushy gradient look on the lips Most of my friends here in the Philippines love that color too  a hrefhttpwwwyoutubecomresultsq23HowDoesCinddieDoItHowDoesCinddieDoIta;who is the giveaway winner;Laneige Two Tone Tint Lip Bars in 03 Tint Mints please;hi  love your laneige 2 tone lipsticks video review cant wait to get my hand on them i super love apple jellO;hello cinddie my fav is number 01 cotton candy;Tint Mint pleaseeee;Hi Cinddie This vid means a lot to me for the lip bars you have give reviewed was featured in Weightlifting Fairy Kim Bok Joo fav kdrama lol and also because this lip bar is too expensive in my country cant afford it lollll Every shade are really great and my favvvvv shade is tint mint please share your generosity with me lowkey desperate lol jk ily also love your hair ALL LOVE FROM PHILIPPINES;Cherry Milk is my fav Such a pretty MLBB colour br Thanks for the giveaway Cinddie ;aww you39re so gorgeous  i love this reviewamp lip swatches video because it39s so clear br br anyway i LOVE all the shades but my fav is 08 Cherry Milk   i want win this giveaway because i love to make an ombre lips  but that takes a lot time for me ofc  so yeaah if i win this giveaway thats will help me a lot for making an ombre lip  br br Thankyou for being generous by doing this giveaway  from Indonesia ;Hi i39m your new subscriber i really like this video i love laneige product anyway from all these swatches my eyes fall for the 03 tint mint hahaha i really like that color hope you pick me for one of the giveaway winers love from Indonesia;Love tint mint the most ;hi i39m from indonesian such a beautiful lips you have  i love shade number 08 cherry milk ;i really hope i can win this cherry milk huhuhuhu;Hi Cinddie I39m from Indonesia No 7 Lollipop Red is my favorite shade This lipstick is being on my wishlist since long time ago ;Love tint mint the most  love from the Philippines;Hi Cinddie I39m from Philippines and I love shade 08 Cherry Milk I heard that this was the one that Lee Sung Kyung used in Weightlifting Fairy Kim Bok Joo so I fell in love with it
XnLHOU_MwVc,WikiLeaks PROVES  Beyond A Shadow Of A  Doubt That Clinton  Linked to Vince Foster,WikiLeaks PROVES Beyond A Shadow Of A Doubt That Clinton Linked to Vince Foster  Links 1 ,that might be why Trump and that self righteous hothead Pompeo are attacking Assange Probably They want to kill him Well I don39t support them at all that is evil Assange is a prince compared to them I am sending a note to the Trump guys to consider Donald FIRED;I heard that Vince Foster never ever got over the Waco massacre and was going to spill the beans on that episode;shes link to him but there are many others  where were the fbi them  so far up her ass  as the money ws flowing in so much as they never got a fucking thing done  shows what jobs they have they will not be missed  and so fire them all;Please release the info Vince Foster family deserves the truth;Fake  that is funny Wikileaks has been 100 correct so far  Clinton is dirty she is sinful she is guilty as hell;Arrest her now no bonds;breaking news Hillary will not see the jail no matter what she did;why39s we have all theso provided we still can39t put Hillary Clinton in presion why we keep show the video if you not going to do nothing do not restime;Foster said if I show up dead Hillary Clinton killed me ;HRC is nowhere near the only person who needs to go down  The Swamp is way bigger than we realize;a hrefhttpwwwyoutubecomresultsq23SethRichSethRicha;Trey Gowdy got a Judge to exhume Vince Fosters body it was taken to  the FBI  where the lead medical director failed to run some of the critical tests Body was then stolen from the Bethesda Naval Hospital in an ambulance driven approximately 2 miles away The ambulance was found burned out destroying the corpse and any chance to reexamine it When Trump found out he went to the FBI medical director and fired him personally Also many files pertaining to this travesty have been stolen from the National Archives the clintons are also blocking access to the millions of files in the clinton presidential library These people involved are legion and in some of the most powerful positions in our government I only hope that Justice will prevail;Why the fuck doesn39t Donald just say quotfuck this enough is enough put the cunt in jailquot Is he not the most powerfull man in the USin the WORLD Show some fuckin balls manYOU THE SHERIFF NOW;more puppet shows to divert attention away from the enemy the enemy that runs your government and allows this to happen the edomite jew;Russia would39nt piss on Hitlary Clinton not even if she could spit fire from the mouth ;Hillary Clinton amp Swine Pig Huma Abadin Are Defintely Are Going To Be Toast With This Vince Foster Case;Hillary won39t hesitate to get rid of Huma too;Obama killed Scalia and others too We got a bunch of bad politicians;No she would not have been impeached  she is above all law  remember br And she has proven it  we knew she killed Foster and over 145 others plus the mass murders overseas  but has she been arrested   NO  She is still out there doing her new campaign for 2020   Free as a bird br br If she is not arrested being out there as a civilian she39d never be arrested had she been presidentbr Hillary and Obama are Teflon  nothing stops them or touches them and they could blow up the world and no one would even try to stop them br br br quotThe law is NOT for ME   it39s only for the little people quot   Hillary Clinton 2016br  br quotYou will never see ME in handcuffs I can ASSURE  you of that quot  Hillary Clinton 2016br br br This has been Hillary39s beliefs since before she was First Lady of Arkansas and she stated those words in 2016 in an interviewbr br And don39t think she is worried about going to prison  she knows no one will touch herbr And she lives like she39s gonna live forever  Reality has never entered her mind at any time in her entire life  not even as a child  She is never wrong and you are never right  make sure you know that because that is the only thing that can tick her off br br She39s the perfect Queen of the world in her mindbr br 
0ebWjc_YW2g,THE HIVE  Escape from Tarkov  Episode 1,Go get some popcorn sit relax and enjoy this episode of Escape from Tarkov What has A117 done What is M33P keeping from him Will A117 ever get his , Please help me hit my goal of 100000 subscribers for 2017  a hrefhttpbitly2m5WvqLhttpbitly2m5WvqLabr TURN ON MY POST NOTIFICATIONS SO YOU DON39T MISS A VIDEObr I upload daily;quotstoryquot reminds me JC and the Dedalus back in old days br goow work;well it was only a matter of time before someone started ruining this gameeven at a hrefhttpwwwyoutubecomwatchv0ebWjcYW2gampt38m00s3800a your friend thinks you are an idiot lol;What39s that big thing at the bottom right;Man i need better voice acting sorry for the horrible voice acting xD;Love the vid can39t wait for the next A little long but worth it;oi m8 needs more sasslefrazzzzze;Neat idea just a bit too long to see to the end maybe 15 to 20 mins;nice vid my dude;Enjoy the video Would mean a lot to me if you could help me share it around with your friends and family;That cliff hanger though br Loved the vid;Yay so excited for this video 
GQ9sBynd0gM,Pick Your Own Prize Giveaway CLOSED,Click the BELL when you Subscribe so you NEVER MISS one of my GIVEAWAYS Squishy Giveaways EVERY Friday Random Giveaways  Whatever ,I was buying a food and a bottled of water then I saw a man and young girl the man said sorry to his I think it39s her daughter because they don39t have enough money  then the young girl said it was ok the young girl wanted a cake because it was her birthday and I decided to give them the cake and food and lots of bottled of water and they smiled at me when I gave her cake ;I love your videos I want 1 squishy  keep smiling ;No one did somthing nice to me;Also I love you nail colors;Or mango;I want the cloud because I don39t have squishes;Tysm Gratificari I won this giveaway I would want Set 3 three I messgaed you in instagram already My insta sophiabchua;How do you win a giveaway;I39ve already entered and I was just rewatching the video and I realise how lush ur nails are I love the pink colour;Hope I win slimes stuff plus great video hope I am a winner;My friends said that I was so sweet and nice;Can I pleas please please have 1 English bread;If someone ever makes you sad they r not a true friend Always make sure you have true friends lt3;I would be grateful for anything;My friend offered me to sit with her at lunchtime and that really made me happy The little things are the best things;Omg they look so nice make me smile every day ;I want to win;if i win contact me insta marlenac89c love you;I have done that;I would like the brown bread
CbUEFH3Plm0,Aula CAMPE sobre a Forma NEGATIVA em Ingls  META 1000 LIKES,Meta  1000 LIKES  New Video Livro gratuito pdownload   Dicas de Ingls ,Pessoal vamos ajudar o meu canal a crescer Deixem seu Like comentem dvidas de ingls e se inscrevam no canal Abaixo eu deixo o link para vocs baixarem meu livro grtis para download Enjoybr br Download livro gratuito a hrefhttpmateriaisinglescriativocombrebookbookoneiupigratishttpmateriaisinglescriativocombrebookbookoneiupigratisa;I do not work    ou  i don39t work  qual a diferena    estou confuso ;fernando a gente usa o NO sozinho  so na palavra falada e na escrita e NOT porque  nao vejo NO nas frases escrita;rapaz nunca pensei q esse arquivos para dawload fosse tao bom alem da escrita ainda tem a pronncia thanks teacher you are the best;I do not want moneybr I do not need moneybr quotI have no moneyquotbr br The same with the phrasebr br I have no time br br Help me please Thank you;parabns tem o dom para ensinar;Muito bom;MARAVILHOSO;tudo que eu esperava nas horas vagas;Quero comprar o seu kit  possvel realmente ficar fluente no ingls Gosto das suas aulas abraos;Sua didtica  muito boa explicao simples mas ao mesmo tempo muito rica em contedo Parabns;Como sempre mais uma tima aulafernado me respondese eu difiselmente mecher com gramtica so escultando o ingles falado msm isso vai me atrapalhar ou vai dificultar meu aprendizado;como sempre the best;muito bom obrigadosucesso;muito bom professor vc podia passar uns exerccios praticos pra fixar o conteudo das video aulas valeu tudo de bom;Obrigado professor;fenomenal;Preto no branco Good;clarissimooooo;parabns pela didtica utilizada quem dera todos professores fossem assim Espero ansiosamente o prximo vdeo
H4KNMg-lI-s,LOUIS TOMLINSON CRACK,Give this video a thumb up and share it if you liked it DONT FORGET TO FOLLOW ME ON Instagram  Twitter ,a hrefhttpwwwyoutubecomresultsq23bringbackkevin2017bringbackkevin2017a;a hrefhttpwwwyoutubecomwatchvH4KNMglIsampt1m38s138a what song ;Should be me ;KEVIN;Lil water fights are the death of me;at a hrefhttpwwwyoutubecomwatchvH4KNMglIsampt1m36s136a what is the song and who is it by;I am in love with this videobr nd I love Louis;a hrefhttpwwwyoutubecomwatchvH4KNMglIsampt0m42s042a song i have listened this 1D song many times but i dont know the name;Hii Sofia  I hope you read the commentss  But I39m a big fan of your channel and your 1D videos the most videos from Louis or Harry  And omgg you have 53k well donee you deserve it  I hope you will read this comment  ps Have u a Instagram account  My name is xTommoMyBaee ;BABY;That should be me;He is so thin now I think his Mom39s death is having a bigger impact on him  I pray he stays on the right path he has such a big heart;did anybody else almost cried when quotsee you againquot came up at the end with louis and kevin;louis tomlinson l love you;this is one of the best crack videos i39ve ever seen;i miss zouis i miss Kevin i miss oned i can39t live without oned i miss water fights i miss harry39s moves i miss laughts of Niall i want they come back THEY NEED TO COME BACK;Zouis part gosh br Louis is so precious He deserves the world but the world doesn39t deserve this angel His voice is angelic He has a golden heart I love this sass masta so much;i love Louis;a hrefhttpwwwyoutubecomwatchvH4KNMglIsampt1m48s148aa hrefhttpwwwyoutubecomwatchvH4KNMglIsampt2m18s218a SLAAAY;Are you trying to kill me or something with these 1D videos 
15Q4JDh_eJE,David Leyonhjelm on Outlast 2 The Witcher and video game censorship,David Leyonhjelm channels the White Wolf to attack the recent decision by the Australian Classification Board to refuse classification for the video game Outlast ,I would love to see some sort of gamers union worldwide to fight against regulators that knows nothing about video games and the gaming industry to fight against the bias a liesbr br br Australia if this man is able to change the situation where all games are available for adultsbr br Then thank this man for what he has done for your gaming needs;he39s right censorship as a whole is redundant because of the wonderful truth known as the internet dishonesty is a sin and it should be ridiculed;I like this guys stance on gaming and some other stuff too;hear hear david;Thank you Senator I will keep voting for Liberal party People do drugs and violent crimes probably don39t play video games;Thank you Senator for your voice of reason and the distinction between reality and fantasy I am 60 and don39t need a 39Nanny State39 to tell me the difference between the previously mentioned conditions I have been a gamer since the invention of the application and surprisingly I have never killed nor caused violent harm to anyone in the 39reality39 state nor has any of the gaming fraternity that I associate withbr Another avenue worth pursuing in the demographics of 39Gamers39 is the level of educational qualifications attained by the group which may offer to help educate the 39appointed39 Censorship  Board on terms such as nerd and geek not gangsta or terrorist;true true;As Australian this makes me proud This guy for Prime Minister;TAKE MY VOTE Based David;Goes to show that the Censorship board is outdated and needs SERIOUS modification;well done from uk;Wow I have got to remember that guys name He39s awesome;Okay why aren39t more people listening to David Leyonhjelm as opposed to the obvious slandering fraud that is Anita Sarkeesian;Meanwhile leftists in America amp Canada are plagued by SJW nonsense that forces game devs into self censorship;Vote this man for prime minister;So much respect for this man Just in three minutes he39s done more for videogames and gamers than gaming journalists have done in the last decade;As an American I like this man quite a bit  I wish we had more people like this in our Legislative Branch;Respect is now over 9000 for this fellow;Great to see someone with some sense in Australian government As an American looking in I thought your entire government consisted of moral authoritarians pushing for an ever increasing nanny state;Wow about time someone spoke out about this kind of stuffbr br Censorship is so dumb that39s what the rating board should be there for to categorise stuff so people can made decisions based on its rating not to demand changes to a game so it can make the classification or just outright be refused classificationbr Games are not longer a thing mainly for children anymore they are a hobby for many adults and shouldn39t be judged with unfair double standardsbr br The classification board seriously needs an overhaul because it seems like the views of the people running it are extremely datedbr br also can we do something about those rating logos on games and DVDs yet Gosh they are ugly as sin and completely ruin cover art Seriously the previous Australian logos from back before and around the early 21st century where excellentbr Really these dumb huge colourful logos feel like they are designed for 3 year olds who don39t even understand what they mean
e_-9sfCtS1A,ChanBaek  during EXOrDIUM IN MANILA 2017,This is a compilation of ChanBaek during the EXOrDIUM IN MANILA on 0225 0226 2017 Enjoy SupportChanBaek ALL VIDEOS PHOTOS AND MUSIC ,I love the vidoes that you made Thank you so much I hope you can make more of this This precious moments are making me cry A Big  for you;ChanYeol doesn39t play with the toy puppy ChanYeol IS a puppy with the toy puppy;The girls screaming ChanBaek omg i would do the same;The girls screaming ChanBaek omg i would do the same;This Video kills me;Oh my god I never even knew fans shouted chanbaek at that part in a hrefhttpswwwyoutubecomwatchve9sfCtS1Aampt1m27s127a ;what is the title of the song at a hrefhttpswwwyoutubecomwatchve9sfCtS1Aampt1m46s146a;a hrefhttpswwwyoutubecomwatchve9sfCtS1Aampt5m35s535a Parents scolding their quotsonquot  ;i love you thank youuu;can someone tell me wht is the title of the songs use;OMGThey are doing Milly rockI haven39t seen any kpop idol do that;when the fans started to shout quot ChanbaekChanbaekquot i can39t stop myself from smiling really wide  waahh chanbaek is life ;they only 8 why wheres lay ;quotChanbaekChanbaekquot ;Sooo nice Cuuuuuutttttte ;IM IN PURE BLISS RN 39 CHANBAEEKKKEKEKEKEKKEKEKEKK THIS IS MAKING MY HEART FLUTTER LIKE NON OTHER;;The way Chanyeol stares at Baekhyun is what makes me ship them more;THOSE GIRLS SCREAMING CHANBAEK OMG;Your videos IS Beautiful 
hnxb5qIr82U,        ,               ,    ;      ;     ;        ;privet vika  a mozno eto toze v muffinsform  cpacibo;             ;              24       3     ;  ;    ;           ;     ;                  12    ;;             ;          ;;  ;          ;     ;       
bX8zfeI7Vg4,11 Study Tips For Learning Japanese How I learnt English,A lot of people asked me what my language learning tips are and how I learned English So today Im going to give you my 11 study tips that I used to learn ,just subscribed you39re teaching exactly how I learn really good lessons;That quottquot on learnt just perfect ;bTip 12b Subscribe to Japanese Ammo with Misa on YouTube;; ;In the sentence 39dancing is fun39 you transleted it as 3939  Can I say 3939 ;Great stuff Thanks for this;a hrefhttpwwwyoutubecomwatchvbX8zfeI7Vg4ampt1m37s137a Misa I hope you realize that in the context that Barney uses the word only men can use it for uh obvious reasons Women can only get nailedw;I have spent months researching into learning Japanese online and discovered a great resource at Japanese Magic Method google it if you39re interested;;;So glad I found your channel it has helped me so muchbr br ;Fantastic video I39m very glad I found your channel You explain everything so clearly And the anime segment was gold;This is high quality please keep on making these awesome videos I will spread the word;sugoi ;Hello rLearnJapanese;Is there a reason you sound australian;I39ll mention this channel on my selfstudy livestream tomorrow It obviously takes a lot of effort to record and edit and add overlays for these 30 minute lessons you createbr br Also I39ll add it39s a good idea to study from Dramas and any transcripts if available  Here39s an example of studying a drama called 39Zettai Kareshi39 using the course on Memrise  a hrefhttpsyoutubeBQqJ1rn9Dqwt1h17m00shttpsyoutubeBQqJ1rn9Dqwt1h17m00sa;Summary and Time Indexbr br a hrefhttpwwwyoutubecomwatchvbX8zfeI7Vg4ampt00m20s0020a Keep a notebook that you treasurebr a hrefhttpwwwyoutubecomwatchvbX8zfeI7Vg4ampt01m48s0148a Make your own sentencesbr a hrefhttpwwwyoutubecomwatchvbX8zfeI7Vg4ampt03m44s0344a Write down you common thoughts and wordsbr a hrefhttpwwwyoutubecomwatchvbX8zfeI7Vg4ampt04m29s0429a Translate the first and last bits of a Japanese sentencebr a hrefhttpwwwyoutubecomwatchvbX8zfeI7Vg4ampt10m20s1020a Sword Art Online examplebr a hrefhttpwwwyoutubecomwatchvbX8zfeI7Vg4ampt25m24s2524a Write A LOTbr a hrefhttpwwwyoutubecomwatchvbX8zfeI7Vg4ampt26m47s2647a Don39t worry about your accentbr a hrefhttpwwwyoutubecomwatchvbX8zfeI7Vg4ampt27m42s2742a Do grammar drillsbr a hrefhttpwwwyoutubecomwatchvbX8zfeI7Vg4ampt28m47s2847a Use manga to studybr a hrefhttpwwwyoutubecomwatchvbX8zfeI7Vg4ampt31m07s3107a Relax in Japanesebr a hrefhttpwwwyoutubecomwatchvbX8zfeI7Vg4ampt31m54s3154a Listen to songs when you are low in motivationbr a hrefhttpwwwyoutubecomwatchvbX8zfeI7Vg4ampt33m15s3315a Have fun;Er I nailed her doesn39t mean  I nailed it does but nailing someone is a euphemism for having sex with them
1yB7mAy3PZg,Vietsub KASANETEKU  ,Vietsub  KASENETEKU B kp cho cc gi i Gokon  Ngun  Brought to you from ,Main n phng qu v;cn nhiu bi ch chiu ntn ; nghe mi k chn;Cho mnh hi t vbr Tn bi ht theo katakana l kasaneteku br Sao bn li ghi l kaseneteku v br Mnh mi hc ting Nht nn hi thc mc v cch bn dch ra;Welax a mnh ti y Cm n cc bn sub nhiu nhiu lm nha lt3 lt3 lt3;i mi bn ssub  39;welax a mnh n y v cm n ngi dch lt3 bi ny gy nghin v l;Cm n bn  sub nha;xD d  thng vi  cm n bn   sub;cm n  sub;Cm n cc bn sub lt3;M qu n ;Thng ad Welax post mt bi hay th ny m  up km tn bi m thy m lun mi tm c ti y huhu;Cm n ch xinh p  sub cho ti em lt3 nh my bi vui vy m ng lc hc nht Ng mi khng li tn ;cm n bn nhiu;cm n bn  lm sub nh ;;nghe nghin lm lunnn; nh mnh
NQ5k5F1c7Pg,CLOSED Giveaway  Custom No Thinkin Shorts,    Victoria Sarandaki         ,    Victoria Sarandaki            ;            2 ;    3     ; 2   lt3 lt3 lt3;  1 ;1 ;          1 ; 1      39 ;Makariiiii na mai h tuxerhhh to thelwwwwwwwww para poluuuuu ;Th 2h epilogh  Einai foverooooo ;H 2h epilogh einai teleiabr Makari na eimai h upertuxerh pou tha kerdisei auto to fantastiko shortsbr love ubr xoxo;H 2h epilogh einai teleiabr Makari na eimai h upertuxerh pou tha kerdisei auto to fantastiko shortsbr love ubr xoxo;     1  ; 1    ; 1;  3         ; 3; ; 1 lt3 lt3;         2     
Rx08aSoh4IA,GGUERRA Steve Vai   I would love to,Quer dar uma fora no meu trabalho CD  Vakinha  Quer dar uma fora no meu ,Bem que poderia disponibilizar a TAB e uma vdeo aula completa seria top br Pow Gustavo ensina pra gente essa musica seus inscritos aqui ficaram muito felizes rsrsrsbr valeuuuu;o Satriani n curtiu esse vdeo kkkk;muito bom irmo feelings exelentes e timbre extraordinariamente limpobr sem dvida  um dos melhores guitarristas do Brasil;A glr me ajudem l no meu canal  curtam comentam e se inscrevam  MT obg  Deus os abenoe;SHOW GUSTAVO  MUITO SUCESSO PARA VC  QUERIDO POIS VC MERECE;GGuerra me responde por favor qual o segundo melhor Guitarrista do Brasil em sua humilde opinio claro q o primeiro lugar vem vc disparado o meu idolo kk;kk eu ganhei de uma namorada uma esttua igual a sua  feita meio q artesanal o chapeu e os joelhos do boneco so uma porca kkk s q a minha a pintura  escura  br br a parte musical no  necessrio dizer  mas t perfeito ;animal;Monstro Ta com cara de que vc gravou faz tempo hehehe;Steve vai no  guitarrista  ele  um alquimista da guitarra o que   algo bem diferente rsrsrs  parabns Gg;cara parabns pelo vdeo a qualidade do som dos seus vdeos  fantstica acho que o melhor som que eu j ouvi pelo YouTube;Steve Vai sendo Satriani;tenho visto seus videos vc toca muito Gustavo Guerra da at gosto de ver quem sabe tocar parabns ;De mais Sucesso;cara logo no inicio deu uma leve uma leve  impressao que voce estava tocando  a musica do Dragon ball Z kklklkkkkkkbr muito top  parabens Deus te abencoe;Qual  a sua opinio em relao aos EMG39s;You are the most verbatim guitarist I have ever seen Every cover you nail as good if not better than the original;muito Show que som  esse;caracaaaaaaaa meus guitarristas favoritos Steve Vai e Gustavo Guerrademaisssssssssssss;Your chops have always been amazing Gustavo but one thing about the mix as a whole at least in my opinion is that I feel some of the mids are missing to give us the fuller experience of Steve Vai Just a bit of a tweak would definitely give it a good sound Otherwise you have a great video on your hands
gY3N-ox1tik,Maayavan Official Full Songs  CVKumar  Sundeep Kishan Lavanya Tripathi Jackie Shroff  Ghibran,Maayavan is an 2017 upcoming Indian Tamil science fiction thriller film co produced and directed by CVKumar The film features Sundeep Kishan and Lavanya ,a good sign that people are taking the effort to add backgroudn score it increases the idea of watching the film  i never had any interest to watch the film in fact dont even know anything about the film  but now its creating a curiosity hats off team;massuuu thala;love the background score and mella mella  nice vocices;love the background score and mella mella  nice vocices;now it s a completeeeeeeee music;Shweta  you have sang the song so beautifully I have been playing it on repeat br So many times Ghibran and shweta wow wow wow;enda ungalu hans zimmer vitta vera theriyatha dark knight intertellar copy pannatha music director tamil industry illa enna koduma sir ethu hans zimmer valga;The super police is waiting for usbr sundeep Kishanbr a hrefhttpwwwyoutubecomresultsq23MaayavanMaayavana a hrefhttpwwwyoutubecomresultsq23NakshatramNakshatramabr Both super hits coming on its way;Romba naal kalichu oru best Tamil album ippatha paakurabr ;Enna background scorebr ghibran pichchi odharitaaru br ;nice music by ghibran;Sundeep Kishan looks so smartbr Angel Lavanyabr Ghibran Music awesome;mella mella song awesome superb lyrics wit melting music ;love mella mella sollavamy favorite song in the album Thank you Ghibran sir;;one of the best composition  gonna become a fan of ghibraan;wow fantastic songs all the best princess lavanya;The instrumental tracks are great I wish the same sincerity had reflected in the songs too;BGM tracks are terrific ghibran sir did something extraordinary;very nice songs ghibran all the best
lNm7PIiBuPI,WooAcademy  Episode 2   The Spotlight effect,Wondering how not to be that creepy bob Dont worry The Woo Academy is here to help you up your game and build your WooQ In this episode of the Woo ,
4AuBC9K0EhY,EL SEOR DE ZACATECAS LOS BUCHONES DE CULIACAN VIDEO OFICIAL 2017,ELSEORDEZACATECAS VIDEO OFICIAL PA TODA LA RAZA DE ZACATECAS SALUDOS AQUI LES ENCARGAMOS LO MAS NUEVO 2017 CON LA ,AA POS Como No La Bella Zacatecas y puro Buchones de culiacan pariente;al pendiemte aki en san antonio del cipres panuco zacatecas puro comandante amburgesa aki su mejor kuas el pilon;;en el vdeo nunca se ve una tuba ;manden saludos a Vallarta;Los mejores por supuesto puros Buchones de Culiacn;Es todo viejones saludos de parte su amigos Clika los necios a hrefhttpwwwyoutubecomresultsq23SiseC3B1orSiseora video quedo chingon la tola nibse diga ;puro jalpa zacatecas;asi o maz chingon BUCHONES DE CULIACAN se la rifan maziizo;cdg rifa en zacatecas y tabasco;esa de baltazar y Juan Rams;As nomas quedo saludos ;Arriba Tabasco Zac;Chingon el corrido pero el video de la verga;Si les queda con tuba al  viejones;Chingon el corrido saludos desde La Ceja Zacatecasbr Pura Raza Zacatecana;Puro buchones de culiacan y que se oiga esa tuba;Al milln mucho xito a hrefhttpwwwyoutubecomresultsq23elseC3B1ordezacatecaselseordezacatecasa ;quedo chingon como debe ser puro buchones saludos compas
KVFGlp6MuN4,Original Watercolor Gardener Watercolor Speedpaint,Music used in this video does not belong to me Arrietys Song  You Can Be King Again by Lauren Aquilina ,I WANT THIS IN MY HOUSE;i love your work;very beautiful;this is NOT quotBEAUTIFULquot;Omg the arrietty song o  btw Love this drawing bb;omg oo;br ;wow it39s amazing I usually colour from light base colour then proceed to darker colour I really should try the way you do it someday ;omg I love love this and I wish I could paint like you I have no sense of control when it comes to water and my colors always end up mixing into each other and getting this ugly muddy color but I love the medium any tips Also what paints do you use This turned out really nice ;Make a video about your materials please;thanks for sare your process its so beautiful lt3;Xiao you are my inspiration to paint in watercolor Draw paint and create incredible things many thanks for sharing your talent with us lt3br br I have a question xDbr br What kind of sheets do you use;it39s so beauutiful I can see you put a feeling into your painting cause it39s just showed from your painttbr and the song is also perfect to your painting  Really love itt;Hey dear You will go far with your art b3b please dream highbr Have you a Patreon account If not you MUST create one;NO DISLIKES THATS AMAZING ;i love this SOOO much its absolutely beautiful how long did this take you;so beautiful amazing;just howww omg this is so goals im so inspired;Of course I enjoyed it It39s soooooooo beautiful lt3;wow I39m glad you finished it You put so much effort on it The result is so nice Please keep uploading original works of course if you want
06VbgC4rHBs,Only The Tequila Talkin Lisa Bouchelle featuring John Popper,Lisa Bouchelle and John Popper from Blues Traveler duet on an Americana Country Tequila drinking song Only The Tequila Talkin was written by Lisa and ,
